/* Delete all datas created by ROBOTFRAMEWORK */
delete from SIC2.REF_PRODUCT_COMPREF_GROUP where SSIGNATURE_MODIFICATION = 'ROBOTFRAMEWORK' and PRODUCT_ID > 10000000 and PRODUCT_ID < 10000020 ;
delete from SIC2.REF_PRODUCT_OWNER where SSIGNATURE_MODIFICATION = 'ROBOTFRAMEWORK' and PRODUCTID > 10000000 and PRODUCTID < 10000020  ;
delete from SIC2.REF_COMPREF_GROUP where SSIGNATURE_MODIFICATION = 'ROBOTFRAMEWORK' and REF_COMPREF_GROUP_INFO_ID > 20000000 and REF_COMPREF_GROUP_INFO_ID < 20000005;
delete from SIC2.REF_PRODUCT where SSIGNATURE_MODIFICATION = 'ROBOTFRAMEWORK' and PRODUCTID > 10000000 and PRODUCTID < 10000020;
delete from SIC2.REF_COMPREF_GROUP_INFO where SSIGNATURE_MODIFICATION = 'ROBOTFRAMEWORK' and REF_COMPREF_GROUP_INFO_ID > 20000000 and REF_COMPREF_GROUP_INFO_ID < 20000005;
commit;

/* Create some REF_PRODUCT for test */ 
insert into SIC2.REF_PRODUCT values (10000001, 'C', '01', null, 'Product Test 1', 'M', 'Y', 'F', SYSDATE, 'QVI', 'ROBOTFRAMEWORK', SYSDATE, 'QVI', 'ROBOTFRAMEWORK');
insert into SIC2.REF_PRODUCT values (10000002, 'C', '02', null, 'Product Test 2', 'M', 'Y', 'F', SYSDATE, 'QVI', 'ROBOTFRAMEWORK', SYSDATE, 'QVI', 'ROBOTFRAMEWORK');
insert into SIC2.REF_PRODUCT values (10000003, 'C', '03', null, 'Product Test 3', 'M', 'Y', 'F', SYSDATE, 'QVI', 'ROBOTFRAMEWORK', SYSDATE, 'QVI', 'ROBOTFRAMEWORK');
insert into SIC2.REF_PRODUCT values (10000004, 'C', '04', null, 'Product Test 4', 'M', 'Y', 'F', SYSDATE, 'QVI', 'ROBOTFRAMEWORK', SYSDATE, 'QVI', 'ROBOTFRAMEWORK');
insert into SIC2.REF_PRODUCT values (10000005, 'C', '05', null, 'Product Test 5', 'M', 'Y', 'F', SYSDATE, 'QVI', 'ROBOTFRAMEWORK', SYSDATE, 'QVI', 'ROBOTFRAMEWORK');
insert into SIC2.REF_PRODUCT values (10000006, 'C', '06', null, 'Product Test 6', 'M', 'Y', 'F', SYSDATE, 'QVI', 'ROBOTFRAMEWORK', SYSDATE, 'QVI', 'ROBOTFRAMEWORK');
insert into SIC2.REF_PRODUCT values (10000007, 'C', '07', null, 'Product Test 7', 'M', 'Y', 'F', SYSDATE, 'QVI', 'ROBOTFRAMEWORK', SYSDATE, 'QVI', 'ROBOTFRAMEWORK');
insert into SIC2.REF_PRODUCT values (10000008, 'C', '08', null, 'Product Test 8', 'M', 'Y', 'F', SYSDATE, 'QVI', 'ROBOTFRAMEWORK', SYSDATE, 'QVI', 'ROBOTFRAMEWORK');
insert into SIC2.REF_PRODUCT values (10000009, 'C', '09', null, 'Product Test 9', 'M', 'Y', 'F', SYSDATE, 'QVI', 'ROBOTFRAMEWORK', SYSDATE, 'QVI', 'ROBOTFRAMEWORK');
insert into SIC2.REF_PRODUCT values (10000010, 'C', '10', null, 'Product Test 10', 'M', 'Y', 'F', SYSDATE, 'QVI', 'ROBOTFRAMEWORK', SYSDATE, 'QVI', 'ROBOTFRAMEWORK');
insert into SIC2.REF_PRODUCT values (10000011, 'C', '11', null, 'Product Test 11', 'M', 'Y', 'F', SYSDATE, 'QVI', 'ROBOTFRAMEWORK', SYSDATE, 'QVI', 'ROBOTFRAMEWORK');
insert into SIC2.REF_PRODUCT values (10000012, 'C', '12', null, 'Product Test 12', 'M', 'Y', 'F', SYSDATE, 'QVI', 'ROBOTFRAMEWORK', SYSDATE, 'QVI', 'ROBOTFRAMEWORK');
insert into SIC2.REF_PRODUCT values (10000013, 'C', '13', null, 'Product Test 13', 'M', 'Y', 'F', SYSDATE, 'QVI', 'ROBOTFRAMEWORK', SYSDATE, 'QVI', 'ROBOTFRAMEWORK');
insert into SIC2.REF_PRODUCT values (10000014, 'C', '14', null, 'Product Test 14', 'M', 'Y', 'F', SYSDATE, 'QVI', 'ROBOTFRAMEWORK', SYSDATE, 'QVI', 'ROBOTFRAMEWORK');
insert into SIC2.REF_PRODUCT values (10000015, 'C', '15', null, 'Product Test 15', 'M', 'Y', 'F', SYSDATE, 'QVI', 'ROBOTFRAMEWORK', SYSDATE, 'QVI', 'ROBOTFRAMEWORK');
insert into SIC2.REF_PRODUCT values (10000016, 'C', '16', null, 'Product Test 16', 'M', 'Y', 'F', SYSDATE, 'QVI', 'ROBOTFRAMEWORK', SYSDATE, 'QVI', 'ROBOTFRAMEWORK');
insert into SIC2.REF_PRODUCT values (10000017, 'C', '17', null, 'Product Test 17', 'M', 'N', 'F', SYSDATE, 'QVI', 'ROBOTFRAMEWORK', SYSDATE, 'QVI', 'ROBOTFRAMEWORK');
insert into SIC2.REF_PRODUCT values (10000018, 'C', '18', null, 'Product Test 18', 'M', 'N', 'F', SYSDATE, 'QVI', 'ROBOTFRAMEWORK', SYSDATE, 'QVI', 'ROBOTFRAMEWORK');
insert into SIC2.REF_PRODUCT values (10000019, 'C', '19', null, 'Product Test 19', 'M', 'N', 'F', SYSDATE, 'QVI', 'ROBOTFRAMEWORK', SYSDATE, 'QVI', 'ROBOTFRAMEWORK');
commit;
/* Create some REF_COMPREF_GROUP_INFO for test */ 
insert into SIC2.REF_COMPREF_GROUP_INFO values (20000001, 'GROUP_TEST_1', 'Group Test 1: Y/Y', 'Group Test 1', 'Y', 'Y', SYSDATE, 'QVI', 'ROBOTFRAMEWORK', SYSDATE, 'QVI', 'ROBOTFRAMEWORK');
insert into SIC2.REF_COMPREF_GROUP_INFO values (20000002, 'GROUP_TEST_2', 'Group Test 2: Y/N', 'Group Test 2', 'Y', 'N', SYSDATE, 'QVI', 'ROBOTFRAMEWORK', SYSDATE, 'QVI', 'ROBOTFRAMEWORK');
insert into SIC2.REF_COMPREF_GROUP_INFO values (20000003, 'GROUP_TEST_3', 'Group Test 3: N/Y', 'Group Test 3', 'N', 'Y', SYSDATE, 'QVI', 'ROBOTFRAMEWORK', SYSDATE, 'QVI', 'ROBOTFRAMEWORK');
insert into SIC2.REF_COMPREF_GROUP_INFO values (20000004, 'GROUP_TEST_4', 'Group Test 4: N/N', 'Group Test 4', 'N', 'N', SYSDATE, 'QVI', 'ROBOTFRAMEWORK', SYSDATE, 'QVI', 'ROBOTFRAMEWORK');
commit;
/* Associate REF_PRODUCT to REF_COMPREF_GROUP */
insert into SIC2.REF_PRODUCT_COMPREF_GROUP values (10000001, 20000001, SYSDATE, 'QVI', 'ROBOTFRAMEWORK', SYSDATE, 'QVI', 'ROBOTFRAMEWORK');
insert into SIC2.REF_PRODUCT_COMPREF_GROUP values (10000001, 20000002, SYSDATE, 'QVI', 'ROBOTFRAMEWORK', SYSDATE, 'QVI', 'ROBOTFRAMEWORK');
insert into SIC2.REF_PRODUCT_COMPREF_GROUP values (10000001, 20000003, SYSDATE, 'QVI', 'ROBOTFRAMEWORK', SYSDATE, 'QVI', 'ROBOTFRAMEWORK');
insert into SIC2.REF_PRODUCT_COMPREF_GROUP values (10000001, 20000004, SYSDATE, 'QVI', 'ROBOTFRAMEWORK', SYSDATE, 'QVI', 'ROBOTFRAMEWORK');

insert into SIC2.REF_PRODUCT_COMPREF_GROUP values (10000002, 20000001, SYSDATE, 'QVI', 'ROBOTFRAMEWORK', SYSDATE, 'QVI', 'ROBOTFRAMEWORK');
insert into SIC2.REF_PRODUCT_COMPREF_GROUP values (10000002, 20000002, SYSDATE, 'QVI', 'ROBOTFRAMEWORK', SYSDATE, 'QVI', 'ROBOTFRAMEWORK');
insert into SIC2.REF_PRODUCT_COMPREF_GROUP values (10000002, 20000003, SYSDATE, 'QVI', 'ROBOTFRAMEWORK', SYSDATE, 'QVI', 'ROBOTFRAMEWORK');

insert into SIC2.REF_PRODUCT_COMPREF_GROUP values (10000003, 20000001, SYSDATE, 'QVI', 'ROBOTFRAMEWORK', SYSDATE, 'QVI', 'ROBOTFRAMEWORK');
insert into SIC2.REF_PRODUCT_COMPREF_GROUP values (10000003, 20000002, SYSDATE, 'QVI', 'ROBOTFRAMEWORK', SYSDATE, 'QVI', 'ROBOTFRAMEWORK');
insert into SIC2.REF_PRODUCT_COMPREF_GROUP values (10000003, 20000004, SYSDATE, 'QVI', 'ROBOTFRAMEWORK', SYSDATE, 'QVI', 'ROBOTFRAMEWORK');

insert into SIC2.REF_PRODUCT_COMPREF_GROUP values (10000004, 20000001, SYSDATE, 'QVI', 'ROBOTFRAMEWORK', SYSDATE, 'QVI', 'ROBOTFRAMEWORK');
insert into SIC2.REF_PRODUCT_COMPREF_GROUP values (10000004, 20000003, SYSDATE, 'QVI', 'ROBOTFRAMEWORK', SYSDATE, 'QVI', 'ROBOTFRAMEWORK');
insert into SIC2.REF_PRODUCT_COMPREF_GROUP values (10000004, 20000004, SYSDATE, 'QVI', 'ROBOTFRAMEWORK', SYSDATE, 'QVI', 'ROBOTFRAMEWORK');

insert into SIC2.REF_PRODUCT_COMPREF_GROUP values (10000005, 20000002, SYSDATE, 'QVI', 'ROBOTFRAMEWORK', SYSDATE, 'QVI', 'ROBOTFRAMEWORK');
insert into SIC2.REF_PRODUCT_COMPREF_GROUP values (10000005, 20000003, SYSDATE, 'QVI', 'ROBOTFRAMEWORK', SYSDATE, 'QVI', 'ROBOTFRAMEWORK');
insert into SIC2.REF_PRODUCT_COMPREF_GROUP values (10000005, 20000004, SYSDATE, 'QVI', 'ROBOTFRAMEWORK', SYSDATE, 'QVI', 'ROBOTFRAMEWORK');

insert into SIC2.REF_PRODUCT_COMPREF_GROUP values (10000006, 20000001, SYSDATE, 'QVI', 'ROBOTFRAMEWORK', SYSDATE, 'QVI', 'ROBOTFRAMEWORK');
insert into SIC2.REF_PRODUCT_COMPREF_GROUP values (10000006, 20000002, SYSDATE, 'QVI', 'ROBOTFRAMEWORK', SYSDATE, 'QVI', 'ROBOTFRAMEWORK');

insert into SIC2.REF_PRODUCT_COMPREF_GROUP values (10000007, 20000001, SYSDATE, 'QVI', 'ROBOTFRAMEWORK', SYSDATE, 'QVI', 'ROBOTFRAMEWORK');
insert into SIC2.REF_PRODUCT_COMPREF_GROUP values (10000007, 20000003, SYSDATE, 'QVI', 'ROBOTFRAMEWORK', SYSDATE, 'QVI', 'ROBOTFRAMEWORK');

insert into SIC2.REF_PRODUCT_COMPREF_GROUP values (10000008, 20000001, SYSDATE, 'QVI', 'ROBOTFRAMEWORK', SYSDATE, 'QVI', 'ROBOTFRAMEWORK');
insert into SIC2.REF_PRODUCT_COMPREF_GROUP values (10000008, 20000004, SYSDATE, 'QVI', 'ROBOTFRAMEWORK', SYSDATE, 'QVI', 'ROBOTFRAMEWORK');

insert into SIC2.REF_PRODUCT_COMPREF_GROUP values (10000009, 20000002, SYSDATE, 'QVI', 'ROBOTFRAMEWORK', SYSDATE, 'QVI', 'ROBOTFRAMEWORK');
insert into SIC2.REF_PRODUCT_COMPREF_GROUP values (10000009, 20000003, SYSDATE, 'QVI', 'ROBOTFRAMEWORK', SYSDATE, 'QVI', 'ROBOTFRAMEWORK');

insert into SIC2.REF_PRODUCT_COMPREF_GROUP values (10000010, 20000002, SYSDATE, 'QVI', 'ROBOTFRAMEWORK', SYSDATE, 'QVI', 'ROBOTFRAMEWORK');
insert into SIC2.REF_PRODUCT_COMPREF_GROUP values (10000010, 20000004, SYSDATE, 'QVI', 'ROBOTFRAMEWORK', SYSDATE, 'QVI', 'ROBOTFRAMEWORK');

insert into SIC2.REF_PRODUCT_COMPREF_GROUP values (10000011, 20000003, SYSDATE, 'QVI', 'ROBOTFRAMEWORK', SYSDATE, 'QVI', 'ROBOTFRAMEWORK');
insert into SIC2.REF_PRODUCT_COMPREF_GROUP values (10000011, 20000004, SYSDATE, 'QVI', 'ROBOTFRAMEWORK', SYSDATE, 'QVI', 'ROBOTFRAMEWORK');

insert into SIC2.REF_PRODUCT_COMPREF_GROUP values (10000012, 20000001, SYSDATE, 'QVI', 'ROBOTFRAMEWORK', SYSDATE, 'QVI', 'ROBOTFRAMEWORK');

insert into SIC2.REF_PRODUCT_COMPREF_GROUP values (10000013, 20000002, SYSDATE, 'QVI', 'ROBOTFRAMEWORK', SYSDATE, 'QVI', 'ROBOTFRAMEWORK');

insert into SIC2.REF_PRODUCT_COMPREF_GROUP values (10000014, 20000003, SYSDATE, 'QVI', 'ROBOTFRAMEWORK', SYSDATE, 'QVI', 'ROBOTFRAMEWORK');

insert into SIC2.REF_PRODUCT_COMPREF_GROUP values (10000015, 20000004, SYSDATE, 'QVI', 'ROBOTFRAMEWORK', SYSDATE, 'QVI', 'ROBOTFRAMEWORK');

/* 10000016 associated to 0 group */

insert into SIC2.REF_PRODUCT_COMPREF_GROUP values (10000017, 20000001, SYSDATE, 'QVI', 'ROBOTFRAMEWORK', SYSDATE, 'QVI', 'ROBOTFRAMEWORK');

insert into SIC2.REF_PRODUCT_COMPREF_GROUP values (10000018, 20000003, SYSDATE, 'QVI', 'ROBOTFRAMEWORK', SYSDATE, 'QVI', 'ROBOTFRAMEWORK');

/* 10000019 associated to 0 group */
commit;
/* Associate COM_PREF to REF_COMPREF_GROUP*/ 
insert into SIC2.REF_COMPREF_GROUP values (20000001, (select REF_COMPREF_DGT_ID from sic2.REF_COMPREF_DGT where DOMAIN = 'F' AND GROUP_TYPE = 'N' AND TYPE = 'FB_ESS'), SYSDATE, 'QVI', 'ROBOTFRAMEWORK', SYSDATE, 'QVI', 'ROBOTFRAMEWORK');
insert into SIC2.REF_COMPREF_GROUP values (20000001, (select REF_COMPREF_DGT_ID from sic2.REF_COMPREF_DGT where DOMAIN = 'F' AND GROUP_TYPE = 'N' AND TYPE = 'FB_CC'), SYSDATE, 'QVI', 'ROBOTFRAMEWORK', SYSDATE, 'QVI', 'ROBOTFRAMEWORK');
insert into SIC2.REF_COMPREF_GROUP values (20000001, (select REF_COMPREF_DGT_ID from sic2.REF_COMPREF_DGT where DOMAIN = 'F' AND GROUP_TYPE = 'N' AND TYPE = 'FB_NEWS'), SYSDATE, 'QVI', 'ROBOTFRAMEWORK', SYSDATE, 'QVI', 'ROBOTFRAMEWORK');
insert into SIC2.REF_COMPREF_GROUP values (20000001, (select REF_COMPREF_DGT_ID from sic2.REF_COMPREF_DGT where DOMAIN = 'F' AND GROUP_TYPE = 'N' AND TYPE = 'FB_PART'), SYSDATE, 'QVI', 'ROBOTFRAMEWORK', SYSDATE, 'QVI', 'ROBOTFRAMEWORK');
insert into SIC2.REF_COMPREF_GROUP values (20000001, (select REF_COMPREF_DGT_ID from sic2.REF_COMPREF_DGT where DOMAIN = 'F' AND GROUP_TYPE = 'N' AND TYPE = 'FB_PROG'), SYSDATE, 'QVI', 'ROBOTFRAMEWORK', SYSDATE, 'QVI', 'ROBOTFRAMEWORK');
--insert into SIC2.REF_COMPREF_GROUP values (20000001, (select REF_COMPREF_DGT_ID from sic2.REF_COMPREF_DGT where DOMAIN = 'F' AND GROUP_TYPE = 'N' AND TYPE = 'KQ'), SYSDATE, 'QVI', 'ROBOTFRAMEWORK', SYSDATE, 'QVI', 'ROBOTFRAMEWORK');
insert into SIC2.REF_COMPREF_GROUP values (20000001, (select REF_COMPREF_DGT_ID from sic2.REF_COMPREF_DGT where DOMAIN = 'F' AND GROUP_TYPE = 'N' AND TYPE = 'RO'), SYSDATE, 'QVI', 'ROBOTFRAMEWORK', SYSDATE, 'QVI', 'ROBOTFRAMEWORK');
--insert into SIC2.REF_COMPREF_GROUP values (20000001, (select REF_COMPREF_DGT_ID from sic2.REF_COMPREF_DGT where DOMAIN = 'F' AND GROUP_TYPE = 'N' AND TYPE = 'SB'), SYSDATE, 'QVI', 'ROBOTFRAMEWORK', SYSDATE, 'QVI', 'ROBOTFRAMEWORK');
insert into SIC2.REF_COMPREF_GROUP values (20000001, (select REF_COMPREF_DGT_ID from sic2.REF_COMPREF_DGT where DOMAIN = 'F' AND GROUP_TYPE = 'N' AND TYPE = 'TO'), SYSDATE, 'QVI', 'ROBOTFRAMEWORK', SYSDATE, 'QVI', 'ROBOTFRAMEWORK');
insert into SIC2.REF_COMPREF_GROUP values (20000001, (select REF_COMPREF_DGT_ID from sic2.REF_COMPREF_DGT where DOMAIN = 'P' AND GROUP_TYPE = 'S' AND TYPE = 'RECO'), SYSDATE, 'QVI', 'ROBOTFRAMEWORK', SYSDATE, 'QVI', 'ROBOTFRAMEWORK');
insert into SIC2.REF_COMPREF_GROUP values (20000001, (select REF_COMPREF_DGT_ID from sic2.REF_COMPREF_DGT where DOMAIN = 'S' AND GROUP_TYPE = 'N' AND TYPE = 'AF'), SYSDATE, 'QVI', 'ROBOTFRAMEWORK', SYSDATE, 'QVI', 'ROBOTFRAMEWORK');

insert into SIC2.REF_COMPREF_GROUP values (20000002, (select REF_COMPREF_DGT_ID from sic2.REF_COMPREF_DGT where DOMAIN = 'P' AND GROUP_TYPE = 'S' AND TYPE = 'RECO'), SYSDATE, 'QVI', 'ROBOTFRAMEWORK', SYSDATE, 'QVI', 'ROBOTFRAMEWORK');
insert into SIC2.REF_COMPREF_GROUP values (20000002, (select REF_COMPREF_DGT_ID from sic2.REF_COMPREF_DGT where DOMAIN = 'S' AND GROUP_TYPE = 'N' AND TYPE = 'AF'), SYSDATE, 'QVI', 'ROBOTFRAMEWORK', SYSDATE, 'QVI', 'ROBOTFRAMEWORK');

insert into SIC2.REF_COMPREF_GROUP values (20000003, (select REF_COMPREF_DGT_ID from sic2.REF_COMPREF_DGT where DOMAIN = 'S' AND GROUP_TYPE = 'N' AND TYPE = 'AF'), SYSDATE, 'QVI', 'ROBOTFRAMEWORK', SYSDATE, 'QVI', 'ROBOTFRAMEWORK');
insert into SIC2.REF_COMPREF_GROUP values (20000003, (select REF_COMPREF_DGT_ID from sic2.REF_COMPREF_DGT where DOMAIN = 'F' AND GROUP_TYPE = 'N' AND TYPE = 'TO'), SYSDATE, 'QVI', 'ROBOTFRAMEWORK', SYSDATE, 'QVI', 'ROBOTFRAMEWORK');
insert into SIC2.REF_COMPREF_GROUP values (20000003, (select REF_COMPREF_DGT_ID from sic2.REF_COMPREF_DGT where DOMAIN = 'F' AND GROUP_TYPE = 'N' AND TYPE = 'FB_CC'), SYSDATE, 'QVI', 'ROBOTFRAMEWORK', SYSDATE, 'QVI', 'ROBOTFRAMEWORK');

insert into SIC2.REF_COMPREF_GROUP values (20000004, (select REF_COMPREF_DGT_ID from sic2.REF_COMPREF_DGT where DOMAIN = 'F' AND GROUP_TYPE = 'N' AND TYPE = 'FB_NEWS'), SYSDATE, 'QVI', 'ROBOTFRAMEWORK', SYSDATE, 'QVI', 'ROBOTFRAMEWORK');
commit;

/* Associate Product and OWNER */
insert into SIC2.REF_PRODUCT_OWNER values (10000001, (select OWNERID from sic2.REF_OWNER where SAPPCODE = 'HACHIKO'), SYSDATE, 'QVI', 'ROBOTFRAMEWORK', SYSDATE, 'QVI', 'ROBOTFRAMEWORK');
insert into SIC2.REF_PRODUCT_OWNER values (10000002, (select OWNERID from sic2.REF_OWNER where SAPPCODE = 'HACHIKO'), SYSDATE, 'QVI', 'ROBOTFRAMEWORK', SYSDATE, 'QVI', 'ROBOTFRAMEWORK');
insert into SIC2.REF_PRODUCT_OWNER values (10000003, (select OWNERID from sic2.REF_OWNER where SAPPCODE = 'HACHIKO'), SYSDATE, 'QVI', 'ROBOTFRAMEWORK', SYSDATE, 'QVI', 'ROBOTFRAMEWORK');
insert into SIC2.REF_PRODUCT_OWNER values (10000004, (select OWNERID from sic2.REF_OWNER where SAPPCODE = 'HACHIKO'), SYSDATE, 'QVI', 'ROBOTFRAMEWORK', SYSDATE, 'QVI', 'ROBOTFRAMEWORK');
insert into SIC2.REF_PRODUCT_OWNER values (10000005, (select OWNERID from sic2.REF_OWNER where SAPPCODE = 'HACHIKO'), SYSDATE, 'QVI', 'ROBOTFRAMEWORK', SYSDATE, 'QVI', 'ROBOTFRAMEWORK');
insert into SIC2.REF_PRODUCT_OWNER values (10000006, (select OWNERID from sic2.REF_OWNER where SAPPCODE = 'HACHIKO'), SYSDATE, 'QVI', 'ROBOTFRAMEWORK', SYSDATE, 'QVI', 'ROBOTFRAMEWORK');
insert into SIC2.REF_PRODUCT_OWNER values (10000007, (select OWNERID from sic2.REF_OWNER where SAPPCODE = 'HACHIKO'), SYSDATE, 'QVI', 'ROBOTFRAMEWORK', SYSDATE, 'QVI', 'ROBOTFRAMEWORK');
insert into SIC2.REF_PRODUCT_OWNER values (10000008, (select OWNERID from sic2.REF_OWNER where SAPPCODE = 'HACHIKO'), SYSDATE, 'QVI', 'ROBOTFRAMEWORK', SYSDATE, 'QVI', 'ROBOTFRAMEWORK');
insert into SIC2.REF_PRODUCT_OWNER values (10000009, (select OWNERID from sic2.REF_OWNER where SAPPCODE = 'HACHIKO'), SYSDATE, 'QVI', 'ROBOTFRAMEWORK', SYSDATE, 'QVI', 'ROBOTFRAMEWORK');
insert into SIC2.REF_PRODUCT_OWNER values (10000010, (select OWNERID from sic2.REF_OWNER where SAPPCODE = 'HACHIKO'), SYSDATE, 'QVI', 'ROBOTFRAMEWORK', SYSDATE, 'QVI', 'ROBOTFRAMEWORK');
insert into SIC2.REF_PRODUCT_OWNER values (10000011, (select OWNERID from sic2.REF_OWNER where SAPPCODE = 'HACHIKO'), SYSDATE, 'QVI', 'ROBOTFRAMEWORK', SYSDATE, 'QVI', 'ROBOTFRAMEWORK');
insert into SIC2.REF_PRODUCT_OWNER values (10000012, (select OWNERID from sic2.REF_OWNER where SAPPCODE = 'HACHIKO'), SYSDATE, 'QVI', 'ROBOTFRAMEWORK', SYSDATE, 'QVI', 'ROBOTFRAMEWORK');
insert into SIC2.REF_PRODUCT_OWNER values (10000013, (select OWNERID from sic2.REF_OWNER where SAPPCODE = 'HACHIKO'), SYSDATE, 'QVI', 'ROBOTFRAMEWORK', SYSDATE, 'QVI', 'ROBOTFRAMEWORK');
insert into SIC2.REF_PRODUCT_OWNER values (10000014, (select OWNERID from sic2.REF_OWNER where SAPPCODE = 'HACHIKO'), SYSDATE, 'QVI', 'ROBOTFRAMEWORK', SYSDATE, 'QVI', 'ROBOTFRAMEWORK');
insert into SIC2.REF_PRODUCT_OWNER values (10000015, (select OWNERID from sic2.REF_OWNER where SAPPCODE = 'HACHIKO'), SYSDATE, 'QVI', 'ROBOTFRAMEWORK', SYSDATE, 'QVI', 'ROBOTFRAMEWORK');
insert into SIC2.REF_PRODUCT_OWNER values (10000016, (select OWNERID from sic2.REF_OWNER where SAPPCODE = 'HACHIKO'), SYSDATE, 'QVI', 'ROBOTFRAMEWORK', SYSDATE, 'QVI', 'ROBOTFRAMEWORK');
insert into SIC2.REF_PRODUCT_OWNER values (10000017, (select OWNERID from sic2.REF_OWNER where SAPPCODE = 'HACHIKO'), SYSDATE, 'QVI', 'ROBOTFRAMEWORK', SYSDATE, 'QVI', 'ROBOTFRAMEWORK');
insert into SIC2.REF_PRODUCT_OWNER values (10000018, (select OWNERID from sic2.REF_OWNER where SAPPCODE = 'HACHIKO'), SYSDATE, 'QVI', 'ROBOTFRAMEWORK', SYSDATE, 'QVI', 'ROBOTFRAMEWORK');
insert into SIC2.REF_PRODUCT_OWNER values (10000019, (select OWNERID from sic2.REF_OWNER where SAPPCODE = 'HACHIKO'), SYSDATE, 'QVI', 'ROBOTFRAMEWORK', SYSDATE, 'QVI', 'ROBOTFRAMEWORK');
commit;