/* delete permissions if exists*/
delete from SIC2.REF_PERMISSIONS where SSIGNATURE_MODIFICATION = 'ROBOTFRAMEWORK' and REF_PERMISSIONS_QUESTION_ID > 10000000 and REF_PERMISSIONS_QUESTION_ID < 10000011;
delete from SIC2.REF_PERMISSIONS_QUESTION where SSIGNATURE_MODIFICATION = 'ROBOTFRAMEWORK'  and REF_PERMISSIONS_QUESTION_ID > 10000000 and REF_PERMISSIONS_QUESTION_ID < 10000011;
delete from SIC2.REF_COMPREF_DGT where SSIGNATURE_MODIFICATION = 'ROBOTFRAMEWORK' and REF_COMPREF_DGT_ID > 10000009 and REF_COMPREF_DGT_ID < 10000015;
delete from SIC2.REF_COMPREF_GTYPE where SSIGNATURE_MODIFICATION = 'ROBOTFRAMEWORK' and SCODE_GTYPE in ('A', 'X' );
COMMIT;

/* 20180918 add domaine S  */
INSERT INTO REF_COMPREF_GTYPE (SCODE_GTYPE,SLIBELLE_GTYPE,SLIBELLE_GTYPE_EN,DDATE_CREATION,SSITE_CREATION,SSIGNATURE_CREATION,DDATE_MODIFICATION,SSITE_MODIFICATION,SSIGNATURE_MODIFICATION)  VALUES  ('A','Compagnies partenaires','Participating Airlines',SYSDATE,'QVI','ROBOTFRAMEWORK',SYSDATE,'QVI','ROBOTFRAMEWORK');
INSERT INTO REF_COMPREF_GTYPE (SCODE_GTYPE,SLIBELLE_GTYPE,SLIBELLE_GTYPE_EN,DDATE_CREATION,SSITE_CREATION,SSIGNATURE_CREATION,DDATE_MODIFICATION,SSITE_MODIFICATION,SSIGNATURE_MODIFICATION)  VALUES  ('X','RobotFramework test','RobotFramework test',SYSDATE,'QVI','ROBOTFRAMEWORK',SYSDATE,'QVI','ROBOTFRAMEWORK');
COMMIT;

INSERT INTO REF_COMPREF_DGT (REF_COMPREF_DGT_ID, DOMAIN, GROUP_TYPE, TYPE, DESCRIPTION, DDATE_CREATION, SSITE_CREATION,SSIGNATURE_CREATION,DDATE_MODIFICATION,SSITE_MODIFICATION,SSIGNATURE_MODIFICATION)  VALUES  (10000010,'S','A','TO','ROBOTFRAMEWORK',SYSDATE,'QVI','ROBOTFRAMEWORK',SYSDATE,'QVI','ROBOTFRAMEWORK');
INSERT INTO REF_COMPREF_DGT (REF_COMPREF_DGT_ID, DOMAIN, GROUP_TYPE, TYPE, DESCRIPTION, DDATE_CREATION, SSITE_CREATION,SSIGNATURE_CREATION,DDATE_MODIFICATION,SSITE_MODIFICATION,SSIGNATURE_MODIFICATION)  VALUES  (10000011,'S','A','SB','ROBOTFRAMEWORK',SYSDATE,'QVI','ROBOTFRAMEWORK',SYSDATE,'QVI','ROBOTFRAMEWORK');
INSERT INTO REF_COMPREF_DGT (REF_COMPREF_DGT_ID, DOMAIN, GROUP_TYPE, TYPE, DESCRIPTION, DDATE_CREATION, SSITE_CREATION,SSIGNATURE_CREATION,DDATE_MODIFICATION,SSITE_MODIFICATION,SSIGNATURE_MODIFICATION)  VALUES  (10000012,'S','A','KQ','ROBOTFRAMEWORK',SYSDATE,'QVI','ROBOTFRAMEWORK',SYSDATE,'QVI','ROBOTFRAMEWORK');
INSERT INTO REF_COMPREF_DGT (REF_COMPREF_DGT_ID, DOMAIN, GROUP_TYPE, TYPE, DESCRIPTION, DDATE_CREATION, SSITE_CREATION,SSIGNATURE_CREATION,DDATE_MODIFICATION,SSITE_MODIFICATION,SSIGNATURE_MODIFICATION)  VALUES  (10000013,'S','A','RO','ROBOTFRAMEWORK',SYSDATE,'QVI','ROBOTFRAMEWORK',SYSDATE,'QVI','ROBOTFRAMEWORK');
INSERT INTO REF_COMPREF_DGT (REF_COMPREF_DGT_ID, DOMAIN, GROUP_TYPE, TYPE, DESCRIPTION, DDATE_CREATION, SSITE_CREATION,SSIGNATURE_CREATION,DDATE_MODIFICATION,SSITE_MODIFICATION,SSIGNATURE_MODIFICATION)  VALUES  (10000014,'S','X','AF','ROBOTFRAMEWORK',SYSDATE,'QVI','ROBOTFRAMEWORK',SYSDATE,'QVI','ROBOTFRAMEWORK');
COMMIT;
/* les permissions */
Insert into SIC2.REF_PERMISSIONS_QUESTION (REF_PERMISSIONS_QUESTION_ID,SNAME,SQUESTION,SQUESTION_EN,DDATE_CREATION,SSITE_CREATION,SSIGNATURE_CREATION,DDATE_MODIFICATION,SSITE_MODIFICATION,SSIGNATURE_MODIFICATION) values (10000001,'P1','P1 for test','P1 for test',SYSDATE,'QVI','ROBOTFRAMEWORK',SYSDATE,'QVI','ROBOTFRAMEWORK');
Insert into SIC2.REF_PERMISSIONS_QUESTION (REF_PERMISSIONS_QUESTION_ID,SNAME,SQUESTION,SQUESTION_EN,DDATE_CREATION,SSITE_CREATION,SSIGNATURE_CREATION,DDATE_MODIFICATION,SSITE_MODIFICATION,SSIGNATURE_MODIFICATION) values (10000002,'P2','P2 for test','P2 for test',SYSDATE,'QVI','ROBOTFRAMEWORK',SYSDATE,'QVI','ROBOTFRAMEWORK');
Insert into SIC2.REF_PERMISSIONS_QUESTION (REF_PERMISSIONS_QUESTION_ID,SNAME,SQUESTION,SQUESTION_EN,DDATE_CREATION,SSITE_CREATION,SSIGNATURE_CREATION,DDATE_MODIFICATION,SSITE_MODIFICATION,SSIGNATURE_MODIFICATION) values (10000003,'P3','P3 for test','P3 for test',SYSDATE,'QVI','ROBOTFRAMEWORK',SYSDATE,'QVI','ROBOTFRAMEWORK');
Insert into SIC2.REF_PERMISSIONS_QUESTION (REF_PERMISSIONS_QUESTION_ID,SNAME,SQUESTION,SQUESTION_EN,DDATE_CREATION,SSITE_CREATION,SSIGNATURE_CREATION,DDATE_MODIFICATION,SSITE_MODIFICATION,SSIGNATURE_MODIFICATION) values (10000004,'P4','P4 for test','P4 for test',SYSDATE,'QVI','ROBOTFRAMEWORK',SYSDATE,'QVI','ROBOTFRAMEWORK');
Insert into SIC2.REF_PERMISSIONS_QUESTION (REF_PERMISSIONS_QUESTION_ID,SNAME,SQUESTION,SQUESTION_EN,DDATE_CREATION,SSITE_CREATION,SSIGNATURE_CREATION,DDATE_MODIFICATION,SSITE_MODIFICATION,SSIGNATURE_MODIFICATION) values (10000005,'P5','P5 for test','P5 for test',SYSDATE,'QVI','ROBOTFRAMEWORK',SYSDATE,'QVI','ROBOTFRAMEWORK');
Insert into SIC2.REF_PERMISSIONS_QUESTION (REF_PERMISSIONS_QUESTION_ID,SNAME,SQUESTION,SQUESTION_EN,DDATE_CREATION,SSITE_CREATION,SSIGNATURE_CREATION,DDATE_MODIFICATION,SSITE_MODIFICATION,SSIGNATURE_MODIFICATION) values (10000006,'P6','P6 for test','P6 for test',SYSDATE,'QVI','ROBOTFRAMEWORK',SYSDATE,'QVI','ROBOTFRAMEWORK');
Insert into SIC2.REF_PERMISSIONS_QUESTION (REF_PERMISSIONS_QUESTION_ID,SNAME,SQUESTION,SQUESTION_EN,DDATE_CREATION,SSITE_CREATION,SSIGNATURE_CREATION,DDATE_MODIFICATION,SSITE_MODIFICATION,SSIGNATURE_MODIFICATION) values (10000007,'P7','P7 for test','P7 for test',SYSDATE,'QVI','ROBOTFRAMEWORK',SYSDATE,'QVI','ROBOTFRAMEWORK');
Insert into SIC2.REF_PERMISSIONS_QUESTION (REF_PERMISSIONS_QUESTION_ID,SNAME,SQUESTION,SQUESTION_EN,DDATE_CREATION,SSITE_CREATION,SSIGNATURE_CREATION,DDATE_MODIFICATION,SSITE_MODIFICATION,SSIGNATURE_MODIFICATION) values (10000008,'P8','P8 for test','P8 for test',SYSDATE,'QVI','ROBOTFRAMEWORK',SYSDATE,'QVI','ROBOTFRAMEWORK');
Insert into SIC2.REF_PERMISSIONS_QUESTION (REF_PERMISSIONS_QUESTION_ID,SNAME,SQUESTION,SQUESTION_EN,DDATE_CREATION,SSITE_CREATION,SSIGNATURE_CREATION,DDATE_MODIFICATION,SSITE_MODIFICATION,SSIGNATURE_MODIFICATION) values (10000009,'P9','P9 for test','P9 for test',SYSDATE,'QVI','ROBOTFRAMEWORK',SYSDATE,'QVI','ROBOTFRAMEWORK');
Insert into SIC2.REF_PERMISSIONS_QUESTION (REF_PERMISSIONS_QUESTION_ID,SNAME,SQUESTION,SQUESTION_EN,DDATE_CREATION,SSITE_CREATION,SSIGNATURE_CREATION,DDATE_MODIFICATION,SSITE_MODIFICATION,SSIGNATURE_MODIFICATION) values (10000010,'P10','P10 for test','P10 for test',SYSDATE,'QVI','ROBOTFRAMEWORK',SYSDATE,'QVI','ROBOTFRAMEWORK');
COMMIT;
/* l association des com pref aux  permissions */ 
Insert into SIC2.REF_PERMISSIONS (REF_PERMISSIONS_QUESTION_ID,REF_COMPREF_DGT_ID,DDATE_CREATION,SSITE_CREATION,SSIGNATURE_CREATION,DDATE_MODIFICATION,SSITE_MODIFICATION,SSIGNATURE_MODIFICATION) values (10000001,(select REF_COMPREF_DGT_ID from sic2.REF_COMPREF_DGT where DOMAIN = 'F' AND GROUP_TYPE = 'N' AND TYPE = 'FB_CC'),SYSDATE,'QVI','ROBOTFRAMEWORK',SYSDATE,'QVI','ROBOTFRAMEWORK');
Insert into SIC2.REF_PERMISSIONS (REF_PERMISSIONS_QUESTION_ID,REF_COMPREF_DGT_ID,DDATE_CREATION,SSITE_CREATION,SSIGNATURE_CREATION,DDATE_MODIFICATION,SSITE_MODIFICATION,SSIGNATURE_MODIFICATION) values (10000002,(select REF_COMPREF_DGT_ID from sic2.REF_COMPREF_DGT where DOMAIN = 'F' AND GROUP_TYPE = 'N' AND TYPE = 'FB_CC'),SYSDATE,'QVI','ROBOTFRAMEWORK',SYSDATE,'QVI','ROBOTFRAMEWORK');
Insert into SIC2.REF_PERMISSIONS (REF_PERMISSIONS_QUESTION_ID,REF_COMPREF_DGT_ID,DDATE_CREATION,SSITE_CREATION,SSIGNATURE_CREATION,DDATE_MODIFICATION,SSITE_MODIFICATION,SSIGNATURE_MODIFICATION) values (10000002,(select REF_COMPREF_DGT_ID from sic2.REF_COMPREF_DGT where DOMAIN = 'F' AND GROUP_TYPE = 'N' AND TYPE = 'FB_ESS'),SYSDATE,'QVI','ROBOTFRAMEWORK',SYSDATE,'QVI','ROBOTFRAMEWORK');
Insert into SIC2.REF_PERMISSIONS (REF_PERMISSIONS_QUESTION_ID,REF_COMPREF_DGT_ID,DDATE_CREATION,SSITE_CREATION,SSIGNATURE_CREATION,DDATE_MODIFICATION,SSITE_MODIFICATION,SSIGNATURE_MODIFICATION) values (10000003,(select REF_COMPREF_DGT_ID from sic2.REF_COMPREF_DGT where DOMAIN = 'F' AND GROUP_TYPE = 'N' AND TYPE = 'FB_CC'),SYSDATE,'QVI','ROBOTFRAMEWORK',SYSDATE,'QVI','ROBOTFRAMEWORK');
Insert into SIC2.REF_PERMISSIONS (REF_PERMISSIONS_QUESTION_ID,REF_COMPREF_DGT_ID,DDATE_CREATION,SSITE_CREATION,SSIGNATURE_CREATION,DDATE_MODIFICATION,SSITE_MODIFICATION,SSIGNATURE_MODIFICATION) values (10000003,(select REF_COMPREF_DGT_ID from sic2.REF_COMPREF_DGT where DOMAIN = 'P' AND GROUP_TYPE = 'S' AND TYPE = 'RECO'),SYSDATE,'QVI','ROBOTFRAMEWORK',SYSDATE,'QVI','ROBOTFRAMEWORK');
Insert into SIC2.REF_PERMISSIONS (REF_PERMISSIONS_QUESTION_ID,REF_COMPREF_DGT_ID,DDATE_CREATION,SSITE_CREATION,SSIGNATURE_CREATION,DDATE_MODIFICATION,SSITE_MODIFICATION,SSIGNATURE_MODIFICATION) values (10000003,(select REF_COMPREF_DGT_ID from sic2.REF_COMPREF_DGT where DOMAIN = 'S' AND GROUP_TYPE = 'N' AND TYPE = 'AF'),SYSDATE,'QVI','ROBOTFRAMEWORK',SYSDATE,'QVI','ROBOTFRAMEWORK');
Insert into SIC2.REF_PERMISSIONS (REF_PERMISSIONS_QUESTION_ID,REF_COMPREF_DGT_ID,DDATE_CREATION,SSITE_CREATION,SSIGNATURE_CREATION,DDATE_MODIFICATION,SSITE_MODIFICATION,SSIGNATURE_MODIFICATION) values (10000004,(select REF_COMPREF_DGT_ID from sic2.REF_COMPREF_DGT where DOMAIN = 'S' AND GROUP_TYPE = 'N' AND TYPE = 'AF'),SYSDATE,'QVI','ROBOTFRAMEWORK',SYSDATE,'QVI','ROBOTFRAMEWORK');
Insert into SIC2.REF_PERMISSIONS (REF_PERMISSIONS_QUESTION_ID,REF_COMPREF_DGT_ID,DDATE_CREATION,SSITE_CREATION,SSIGNATURE_CREATION,DDATE_MODIFICATION,SSITE_MODIFICATION,SSIGNATURE_MODIFICATION) values (10000004,(select REF_COMPREF_DGT_ID from sic2.REF_COMPREF_DGT where DOMAIN = 'P' AND GROUP_TYPE = 'S' AND TYPE = 'RECO'),SYSDATE,'QVI','ROBOTFRAMEWORK',SYSDATE,'QVI','ROBOTFRAMEWORK');
Insert into SIC2.REF_PERMISSIONS (REF_PERMISSIONS_QUESTION_ID,REF_COMPREF_DGT_ID,DDATE_CREATION,SSITE_CREATION,SSIGNATURE_CREATION,DDATE_MODIFICATION,SSITE_MODIFICATION,SSIGNATURE_MODIFICATION) values (10000004,(select REF_COMPREF_DGT_ID from sic2.REF_COMPREF_DGT where DOMAIN = 'S' AND GROUP_TYPE = 'X' AND TYPE = 'AF'),SYSDATE,'QVI','ROBOTFRAMEWORK',SYSDATE,'QVI','ROBOTFRAMEWORK');
Insert into SIC2.REF_PERMISSIONS (REF_PERMISSIONS_QUESTION_ID,REF_COMPREF_DGT_ID,DDATE_CREATION,SSITE_CREATION,SSIGNATURE_CREATION,DDATE_MODIFICATION,SSITE_MODIFICATION,SSIGNATURE_MODIFICATION) values (10000005,(select REF_COMPREF_DGT_ID from sic2.REF_COMPREF_DGT where DOMAIN = 'F' AND GROUP_TYPE = 'N' AND TYPE = 'FB_CC'),SYSDATE,'QVI','ROBOTFRAMEWORK',SYSDATE,'QVI','ROBOTFRAMEWORK');
Insert into SIC2.REF_PERMISSIONS (REF_PERMISSIONS_QUESTION_ID,REF_COMPREF_DGT_ID,DDATE_CREATION,SSITE_CREATION,SSIGNATURE_CREATION,DDATE_MODIFICATION,SSITE_MODIFICATION,SSIGNATURE_MODIFICATION) values (10000005,(select REF_COMPREF_DGT_ID from sic2.REF_COMPREF_DGT where DOMAIN = 'F' AND GROUP_TYPE = 'N' AND TYPE = 'FB_PART'),SYSDATE,'QVI','ROBOTFRAMEWORK',SYSDATE,'QVI','ROBOTFRAMEWORK');
Insert into SIC2.REF_PERMISSIONS (REF_PERMISSIONS_QUESTION_ID,REF_COMPREF_DGT_ID,DDATE_CREATION,SSITE_CREATION,SSIGNATURE_CREATION,DDATE_MODIFICATION,SSITE_MODIFICATION,SSIGNATURE_MODIFICATION) values (10000005,(select REF_COMPREF_DGT_ID from sic2.REF_COMPREF_DGT where DOMAIN = 'F' AND GROUP_TYPE = 'N' AND TYPE = 'FB_NEWS'),SYSDATE,'QVI','ROBOTFRAMEWORK',SYSDATE,'QVI','ROBOTFRAMEWORK');
Insert into SIC2.REF_PERMISSIONS (REF_PERMISSIONS_QUESTION_ID,REF_COMPREF_DGT_ID,DDATE_CREATION,SSITE_CREATION,SSIGNATURE_CREATION,DDATE_MODIFICATION,SSITE_MODIFICATION,SSIGNATURE_MODIFICATION) values (10000005,(select REF_COMPREF_DGT_ID from sic2.REF_COMPREF_DGT where DOMAIN = 'F' AND GROUP_TYPE = 'N' AND TYPE = 'FB_PROG'),SYSDATE,'QVI','ROBOTFRAMEWORK',SYSDATE,'QVI','ROBOTFRAMEWORK');
Insert into SIC2.REF_PERMISSIONS (REF_PERMISSIONS_QUESTION_ID,REF_COMPREF_DGT_ID,DDATE_CREATION,SSITE_CREATION,SSIGNATURE_CREATION,DDATE_MODIFICATION,SSITE_MODIFICATION,SSIGNATURE_MODIFICATION) values (10000005,(select REF_COMPREF_DGT_ID from sic2.REF_COMPREF_DGT where DOMAIN = 'F' AND GROUP_TYPE = 'N' AND TYPE = 'FB_ESS'),SYSDATE,'QVI','ROBOTFRAMEWORK',SYSDATE,'QVI','ROBOTFRAMEWORK');
Insert into SIC2.REF_PERMISSIONS (REF_PERMISSIONS_QUESTION_ID,REF_COMPREF_DGT_ID,DDATE_CREATION,SSITE_CREATION,SSIGNATURE_CREATION,DDATE_MODIFICATION,SSITE_MODIFICATION,SSIGNATURE_MODIFICATION) values (10000005,(select REF_COMPREF_DGT_ID from sic2.REF_COMPREF_DGT where DOMAIN = 'S' AND GROUP_TYPE = 'X' AND TYPE = 'AF'),SYSDATE,'QVI','ROBOTFRAMEWORK',SYSDATE,'QVI','ROBOTFRAMEWORK');
Insert into SIC2.REF_PERMISSIONS (REF_PERMISSIONS_QUESTION_ID,REF_COMPREF_DGT_ID,DDATE_CREATION,SSITE_CREATION,SSIGNATURE_CREATION,DDATE_MODIFICATION,SSITE_MODIFICATION,SSIGNATURE_MODIFICATION) values (10000005,(select REF_COMPREF_DGT_ID from sic2.REF_COMPREF_DGT where DOMAIN = 'F' AND GROUP_TYPE = 'N' AND TYPE = 'RO'),SYSDATE,'QVI','ROBOTFRAMEWORK',SYSDATE,'QVI','ROBOTFRAMEWORK');
--Insert into SIC2.REF_PERMISSIONS (REF_PERMISSIONS_QUESTION_ID,REF_COMPREF_DGT_ID,DDATE_CREATION,SSITE_CREATION,SSIGNATURE_CREATION,DDATE_MODIFICATION,SSITE_MODIFICATION,SSIGNATURE_MODIFICATION) values (10000005,(select REF_COMPREF_DGT_ID from sic2.REF_COMPREF_DGT where DOMAIN = 'F' AND GROUP_TYPE = 'N' AND TYPE = 'SB'),SYSDATE,'QVI','ROBOTFRAMEWORK',SYSDATE,'QVI','ROBOTFRAMEWORK');
Insert into SIC2.REF_PERMISSIONS (REF_PERMISSIONS_QUESTION_ID,REF_COMPREF_DGT_ID,DDATE_CREATION,SSITE_CREATION,SSIGNATURE_CREATION,DDATE_MODIFICATION,SSITE_MODIFICATION,SSIGNATURE_MODIFICATION) values (10000005,(select REF_COMPREF_DGT_ID from sic2.REF_COMPREF_DGT where DOMAIN = 'F' AND GROUP_TYPE = 'N' AND TYPE = 'TO'),SYSDATE,'QVI','ROBOTFRAMEWORK',SYSDATE,'QVI','ROBOTFRAMEWORK');
--Insert into SIC2.REF_PERMISSIONS (REF_PERMISSIONS_QUESTION_ID,REF_COMPREF_DGT_ID,DDATE_CREATION,SSITE_CREATION,SSIGNATURE_CREATION,DDATE_MODIFICATION,SSITE_MODIFICATION,SSIGNATURE_MODIFICATION) values (10000005,(select REF_COMPREF_DGT_ID from sic2.REF_COMPREF_DGT where DOMAIN = 'F' AND GROUP_TYPE = 'N' AND TYPE = 'KQ'),SYSDATE,'QVI','ROBOTFRAMEWORK',SYSDATE,'QVI','ROBOTFRAMEWORK');
Insert into SIC2.REF_PERMISSIONS (REF_PERMISSIONS_QUESTION_ID,REF_COMPREF_DGT_ID,DDATE_CREATION,SSITE_CREATION,SSIGNATURE_CREATION,DDATE_MODIFICATION,SSITE_MODIFICATION,SSIGNATURE_MODIFICATION) values (10000005,(select REF_COMPREF_DGT_ID from sic2.REF_COMPREF_DGT where DOMAIN = 'P' AND GROUP_TYPE = 'S' AND TYPE = 'RECO'),SYSDATE,'QVI','ROBOTFRAMEWORK',SYSDATE,'QVI','ROBOTFRAMEWORK');
Insert into SIC2.REF_PERMISSIONS (REF_PERMISSIONS_QUESTION_ID,REF_COMPREF_DGT_ID,DDATE_CREATION,SSITE_CREATION,SSIGNATURE_CREATION,DDATE_MODIFICATION,SSITE_MODIFICATION,SSIGNATURE_MODIFICATION) values (10000005,(select REF_COMPREF_DGT_ID from sic2.REF_COMPREF_DGT where DOMAIN = 'S' AND GROUP_TYPE = 'N' AND TYPE = 'AF'),SYSDATE,'QVI','ROBOTFRAMEWORK',SYSDATE,'QVI','ROBOTFRAMEWORK');
Insert into SIC2.REF_PERMISSIONS (REF_PERMISSIONS_QUESTION_ID,REF_COMPREF_DGT_ID,DDATE_CREATION,SSITE_CREATION,SSIGNATURE_CREATION,DDATE_MODIFICATION,SSITE_MODIFICATION,SSIGNATURE_MODIFICATION) values (10000006,(select REF_COMPREF_DGT_ID from sic2.REF_COMPREF_DGT where DOMAIN = 'F' AND GROUP_TYPE = 'N' AND TYPE = 'FB_PROG'),SYSDATE,'QVI','ROBOTFRAMEWORK',SYSDATE,'QVI','ROBOTFRAMEWORK');
Insert into SIC2.REF_PERMISSIONS (REF_PERMISSIONS_QUESTION_ID,REF_COMPREF_DGT_ID,DDATE_CREATION,SSITE_CREATION,SSIGNATURE_CREATION,DDATE_MODIFICATION,SSITE_MODIFICATION,SSIGNATURE_MODIFICATION) values (10000006,(select REF_COMPREF_DGT_ID from sic2.REF_COMPREF_DGT where DOMAIN = 'S' AND GROUP_TYPE = 'N' AND TYPE = 'AF'),SYSDATE,'QVI','ROBOTFRAMEWORK',SYSDATE,'QVI','ROBOTFRAMEWORK');
Insert into SIC2.REF_PERMISSIONS (REF_PERMISSIONS_QUESTION_ID,REF_COMPREF_DGT_ID,DDATE_CREATION,SSITE_CREATION,SSIGNATURE_CREATION,DDATE_MODIFICATION,SSITE_MODIFICATION,SSIGNATURE_MODIFICATION) values (10000007,(select REF_COMPREF_DGT_ID from sic2.REF_COMPREF_DGT where DOMAIN = 'S' AND GROUP_TYPE = 'A' AND TYPE = 'KQ'),SYSDATE,'QVI','ROBOTFRAMEWORK',SYSDATE,'QVI','ROBOTFRAMEWORK');
Insert into SIC2.REF_PERMISSIONS (REF_PERMISSIONS_QUESTION_ID,REF_COMPREF_DGT_ID,DDATE_CREATION,SSITE_CREATION,SSIGNATURE_CREATION,DDATE_MODIFICATION,SSITE_MODIFICATION,SSIGNATURE_MODIFICATION) values (10000007,(select REF_COMPREF_DGT_ID from sic2.REF_COMPREF_DGT where DOMAIN = 'S' AND GROUP_TYPE = 'X' AND TYPE = 'AF'),SYSDATE,'QVI','ROBOTFRAMEWORK',SYSDATE,'QVI','ROBOTFRAMEWORK');
Insert into SIC2.REF_PERMISSIONS (REF_PERMISSIONS_QUESTION_ID,REF_COMPREF_DGT_ID,DDATE_CREATION,SSITE_CREATION,SSIGNATURE_CREATION,DDATE_MODIFICATION,SSITE_MODIFICATION,SSIGNATURE_MODIFICATION) values (10000008,(select REF_COMPREF_DGT_ID from sic2.REF_COMPREF_DGT where DOMAIN = 'F' AND GROUP_TYPE = 'N' AND TYPE = 'FB_ESS'),SYSDATE,'QVI','ROBOTFRAMEWORK',SYSDATE,'QVI','ROBOTFRAMEWORK');
Insert into SIC2.REF_PERMISSIONS (REF_PERMISSIONS_QUESTION_ID,REF_COMPREF_DGT_ID,DDATE_CREATION,SSITE_CREATION,SSIGNATURE_CREATION,DDATE_MODIFICATION,SSITE_MODIFICATION,SSIGNATURE_MODIFICATION) values (10000009,(select REF_COMPREF_DGT_ID from sic2.REF_COMPREF_DGT where DOMAIN = 'F' AND GROUP_TYPE = 'N' AND TYPE = 'FB_CC'),SYSDATE,'QVI','ROBOTFRAMEWORK',SYSDATE,'QVI','ROBOTFRAMEWORK');
Insert into SIC2.REF_PERMISSIONS (REF_PERMISSIONS_QUESTION_ID,REF_COMPREF_DGT_ID,DDATE_CREATION,SSITE_CREATION,SSIGNATURE_CREATION,DDATE_MODIFICATION,SSITE_MODIFICATION,SSIGNATURE_MODIFICATION) values (10000010,(select REF_COMPREF_DGT_ID from sic2.REF_COMPREF_DGT where DOMAIN = 'S' AND GROUP_TYPE = 'A' AND TYPE = 'KQ'),SYSDATE,'QVI','ROBOTFRAMEWORK',SYSDATE,'QVI','ROBOTFRAMEWORK');
Insert into SIC2.REF_PERMISSIONS (REF_PERMISSIONS_QUESTION_ID,REF_COMPREF_DGT_ID,DDATE_CREATION,SSITE_CREATION,SSIGNATURE_CREATION,DDATE_MODIFICATION,SSITE_MODIFICATION,SSIGNATURE_MODIFICATION) values (10000010,(select REF_COMPREF_DGT_ID from sic2.REF_COMPREF_DGT where DOMAIN = 'S' AND GROUP_TYPE = 'A' AND TYPE = 'RO'),SYSDATE,'QVI','ROBOTFRAMEWORK',SYSDATE,'QVI','ROBOTFRAMEWORK');
Insert into SIC2.REF_PERMISSIONS (REF_PERMISSIONS_QUESTION_ID,REF_COMPREF_DGT_ID,DDATE_CREATION,SSITE_CREATION,SSIGNATURE_CREATION,DDATE_MODIFICATION,SSITE_MODIFICATION,SSIGNATURE_MODIFICATION) values (10000010,(select REF_COMPREF_DGT_ID from sic2.REF_COMPREF_DGT where DOMAIN = 'S' AND GROUP_TYPE = 'A' AND TYPE = 'SB'),SYSDATE,'QVI','ROBOTFRAMEWORK',SYSDATE,'QVI','ROBOTFRAMEWORK');
Insert into SIC2.REF_PERMISSIONS (REF_PERMISSIONS_QUESTION_ID,REF_COMPREF_DGT_ID,DDATE_CREATION,SSITE_CREATION,SSIGNATURE_CREATION,DDATE_MODIFICATION,SSITE_MODIFICATION,SSIGNATURE_MODIFICATION) values (10000010,(select REF_COMPREF_DGT_ID from sic2.REF_COMPREF_DGT where DOMAIN = 'S' AND GROUP_TYPE = 'A' AND TYPE = 'TO'),SYSDATE,'QVI','ROBOTFRAMEWORK',SYSDATE,'QVI','ROBOTFRAMEWORK');
COMMIT;
